<?xml version="1.0" encoding="UTF-8"?>
<!-- Produced by Beyond Compare 4 from Scooter Software -->
<BCSessions Version="1" MinVersion="1">
	<TSessionFolder>
		<Items>
			<TSessionFolder>
				<Items>
					<TDirCompareSession Value="documents_core &lt;--> people_core">
						<LastModified Value="2015-09-21 17:33:45"/>
						<Specs>
							<Left Value="C:\Users\235022\Documents\solrUpgrade\solr_qa\documents_core"/>
							<Right Value="C:\Users\235022\Documents\solrUpgrade\solr_qa\people_core"/>
						</Specs>
					</TDirCompareSession>
				</Items>
			</TSessionFolder>
		</Items>
	</TSessionFolder>
</BCSessions>
