<?xml version="1.0" encoding="UTF-8"?>
<!-- Produced by Beyond Compare 4 from Scooter Software -->
<BCState Version="1" MinVersion="1">
	<TBcState>
		<FirstStartup Value="False"/>
		<FormPositions>
			<TViewFrame Value="100;100;1261;718;3"/>
		</FormPositions>
	</TBcState>
	<TCheckForUpdatesState>
		<Build Value="19761"/>
		<CheckID Value="221001837182976"/>
		<LastChecked Value="2015-09-21 17:28:08"/>
	</TCheckForUpdatesState>
	<TDirCompareState>
		<LeftMRUSpecs>
			<_0 Value="C:\Users\235022\Documents\solrUpgrade\solr_qa\documents_core"/>
		</LeftMRUSpecs>
		<RightMRUSpecs>
			<_0 Value="C:\Users\235022\Documents\solrUpgrade\solr_qa\people_core"/>
		</RightMRUSpecs>
	</TDirCompareState>
	<THomeState>
		<SessionType Value="TDirCompareSession"/>
	</THomeState>
	<TTextCompareState>
		<LeftMRUSpecs>
			<_0 Value="C:\Users\235022\Documents\solrUpgrade\solr_qa\documents_core\conf\solrconfig.xml"/>
			<_1 Value="C:\Users\235022\Documents\solrUpgrade\solr_qa\documents_core\conf\schema.xml"/>
			<_2 Value="C:\Users\235022\Documents\solrUpgrade\solr_qa\documents_core\conf\dataimport.properties"/>
			<_3 Value="C:\Users\235022\Documents\solrUpgrade\solr_qa\documents_core\conf\data-config.xml"/>
			<_4 Value="C:\Users\235022\Desktop\references\Project\Solr\arcdev01\Conf-v4\schema.xml"/>
			<_5 Value="C:\Users\235022\Desktop\Solr Upgrade\Jar Files List\Solr4_4_JarFileList.txt"/>
			<_6 Value="C:\Users\235022\Desktop\references\Project\Solr\solr-4.4.0\solr-4.4.0\contrib\analysis-extras\README.txt"/>
			<_7 Value="C:\Users\235022\Desktop\references\Project\Solr\data Imports\dataimport 6.txt"/>
			<_8 Value="C:\Users\235022\Desktop\references\Project\Solr\data Imports\dataimport 5.txt"/>
		</LeftMRUSpecs>
		<MRUFonts>
			<_0 Value="Consolas;10"/>
		</MRUFonts>
		<RightMRUSpecs>
			<_0 Value="C:\Users\235022\Documents\solrUpgrade\solr_qa\products_core\conf\solrconfig.xml"/>
			<_1 Value="C:\Users\235022\Documents\solrUpgrade\solr_qa\people_core\conf\solrconfig.xml"/>
			<_2 Value="C:\Users\235022\Documents\solrUpgrade\solr_qa\people_core\conf\schema.xml"/>
			<_3 Value="C:\Users\235022\Documents\solrUpgrade\solr_qa\people_core\conf\dataimport.properties"/>
			<_4 Value="C:\Users\235022\Documents\solrUpgrade\solr_qa\people_core\conf\data-config.xml"/>
			<_5 Value="C:\Users\235022\Desktop\references\Project\Solr\arcdev01\Conf-v5\schema.xml"/>
			<_6 Value="C:\Users\235022\Desktop\Solr Upgrade\Jar Files List\TekEx_App_JarFileList.txt"/>
			<_7 Value="C:\Users\235022\Desktop\references\Project\Solr\solr-5.1.0\solr-5.1.0\contrib\analysis-extras\README.txt"/>
			<_8 Value="C:\Users\235022\Desktop\references\Project\Solr\data Imports\dataimport 2.txt"/>
		</RightMRUSpecs>
	</TTextCompareState>
	<TTextFindState>
		<FindItems>
			<_0 Value="velocityresponsewriter"/>
		</FindItems>
		<ReplaceItems>
			<_0/>
		</ReplaceItems>
	</TTextFindState>
</BCState>
